{
  "name": "NightHunt",
  "createdAtMillis": 1379362761852,
  "home": {
    "w": "PvP",
    "lx": 124.18796096687518,
    "ly": 117.0,
    "lz": 829.7657134933427,
    "p": 75.44997,
    "y": 196.0488
  },
  "relationWishes": {
    "efaea696-204b-4664-9b4f-c724962e06c9": "ALLY"
  }
}