{
  "name": "LEYENDAS",
  "description": "Somos LEYENDAS , invencibles , imparables , marcamos historia.",
  "createdAtMillis": 1378491563476,
  "home": {
    "w": "PvP",
    "lx": -196.3230430607079,
    "ly": 53.0,
    "lz": 257.2106249730594,
    "p": 18.300066,
    "y": 174.44798
  },
  "open": false
}