{
  "name": "TheRicarditox",
  "createdAtMillis": 1378340402762,
  "home": {
    "w": "PvP",
    "lx": -197.245266175329,
    "ly": 73.0,
    "lz": 377.7705364693501,
    "p": 37.85644,
    "y": -276.73438
  }
}