{
  "name": "Fac23",
  "createdAtMillis": 1381612065538,
  "home": {
    "w": "PvP",
    "lx": 203.5809999057362,
    "ly": 65.0,
    "lz": 488.5662442777427,
    "p": 53.249786,
    "y": 158.69568
  }
}