{
  "name": "STALKERs",
  "description": "Give me your hand and let's dominate the world",
  "createdAtMillis": 1379101505760,
  "home": {
    "w": "PvP",
    "lx": 395.95641526163877,
    "ly": 33.0,
    "lz": -342.360434108763,
    "p": 15.000084,
    "y": -273.44052
  }
}