{
  "name": "Nejroristas",
  "createdAtMillis": 1377557325074,
  "home": {
    "w": "PvP",
    "lx": -684.8464691009109,
    "ly": 69.0,
    "lz": 71.5813916779899,
    "p": 30.000027,
    "y": -91.05737
  },
  "relationWishes": {
    "9f684945-12f1-4587-b252-51f922d7ce7f": "ALLY"
  }
}