{
  "name": "TheSoldiers",
  "description": "Nos entrenaron para encontrar el Final del Enemigo",
  "createdAtMillis": 1379692172506,
  "home": {
    "w": "PvP",
    "lx": 1038.7568001520988,
    "ly": 60.0,
    "lz": 451.02388900006036,
    "p": 3.3888216,
    "y": 179.37598
  }
}