{
  "name": "PvPpro",
  "createdAtMillis": 1378993031592,
  "home": {
    "w": "PvP",
    "lx": 159.25263869836897,
    "ly": 65.0,
    "lz": 182.56545228951248,
    "p": 8.400017,
    "y": 164.3969
  }
}